{"filename":"WrapperDocsDB","collections":[{"name":"topics","data":[{"id":"01-introduction","title":"Query Builder","icon":"fa-play","overview":"A few thoughts about the tool and the documentation.","color":"red","meta":{"revision":0,"created":1619808991389,"version":0},"$loki":1},{"id":"02-test","title":"Test","icon":"fa-vial","overview":"some dummy text for testing","color":"blue","meta":{"revision":0,"created":1619808991389,"version":0},"$loki":2}],"idIndex":null,"binaryIndices":{},"constraints":null,"uniqueNames":[],"transforms":{},"objType":"topics","dirty":true,"cachedIndex":null,"cachedBinaryIndex":null,"cachedData":null,"adaptiveBinaryIndices":true,"transactional":false,"cloneObjects":false,"cloneMethod":"parse-stringify","asyncListeners":false,"disableMeta":false,"disableChangesApi":true,"disableDeltaChangesApi":true,"autoupdate":false,"serializableIndices":true,"disableFreeze":true,"ttl":null,"maxId":2,"DynamicViews":[],"events":{"insert":[],"update":[],"pre-insert":[],"pre-update":[],"close":[],"flushbuffer":[],"error":[],"delete":[null],"warning":[null]},"changes":[],"dirtyIds":[]},{"name":"paragraphs","data":[{"id":"a","title":"a","level":1,"parent":"01-introduction","body":"Guidey is an easy-to-use CLI application to build client-specific documents. Using markdown templates json configuration files it is able to produce documents using filters to have only the required information in the final file.","meta":{"revision":0,"created":1619808991389,"version":0},"$loki":1},{"id":"sub_header","title":"Sub Header","level":2,"parent":"01-introduction","body":"The documentation covers all the necessary information about Guidey to set it up and use with the proper configuration.","meta":{"revision":0,"created":1619808991389,"version":0},"$loki":2},{"id":"sub-sub_header","title":"Sub-sub Header","level":3,"parent":"01-introduction","body":"The tool currently is able to save the final document in the following formats:\r\n - markdown\r\n - pdf\r\n - docx\r\n - xlsx","meta":{"revision":0,"created":1619808991389,"version":0},"$loki":3},{"id":"capiebant_dicenti","title":"Capiebant dicenti","level":1,"parent":"02-test","body":"","meta":{"revision":0,"created":1619808991389,"version":0},"$loki":4},{"id":"sed_est_onchestius_decet","title":"Sed est Onchestius decet","level":2,"parent":"02-test","body":"Lorem markdownum neganda mille moror festas *relinquunt* illa dixerat manu\r\nbello, imagine sic ista. Niveisque parsque; turbatusque [deus amantem\r\nboum](http://confundit.io/adeste) luctus Saturnia, sua et formosior non Achilles\r\ntu abest Semeleia. Leves quo satisque ramo neque derepta, mentem moriensque\r\nomnem. Custodia nostris.\r\n\r\n> Diu simul, nomine, est hinc coniecit stupuit longa agrestes virgineumque vires\r\n> plangoris resilit. Potuisse consule exempla modo, non tibi quo nonaque spatiis\r\n> cervice? In deus per ignis, matrem, simul, qua requirens, cum illis, mors\r\n> subduxit.","meta":{"revision":0,"created":1619808991389,"version":0},"$loki":5},{"id":"formamque_me_currus_vivit_iterque_palluit_hac","title":"Formamque me currus vivit iterque palluit hac","level":2,"parent":"02-test","body":"Sparsas tyrannidis erat, imitamine aura. Usa lecto, Iapygis, quod abstraxit\r\nmortale an vellera medullas regno erit crinis indignantia? Duorum spes quamquam\r\nest natura: legati expellere appellare **conprecor obvius**. Desilit\r\n[concurrere](http://ait.com/) terra; aures mandataque veniam seriemque cantare,\r\nin reddit addita; omnis hanc.\r\n\r\n- Quid altissimus cedit lustrabere caesique feriente fecit\r\n- Utrumque reserata currere percurrens Phoce\r\n- Quamquam nos ex ille\r\n- Nocuisse corpora vultusque armis quippe conceperat in\r\n\r\nInrita Pallada et haberet nitidis dum novitatis stirpes, velox boum. Fidesque\r\ninde, palmis cum longum puerum aut micat *limite onus*, foret Pallante, dixit,\r\nin. Vacantem vulnere succedere fessa spectabilis **mandata diros tremulae**\r\ntales, saetas abesset: mediusque ferunt metuit.","meta":{"revision":0,"created":1619808991389,"version":0},"$loki":6},{"id":"matrem_solo_abeunt_haec","title":"Matrem solo abeunt haec","level":2,"parent":"02-test","body":"Isdem in meo actis amissam nitor thalamos eosdem olor notavi? Carpe clarus\r\ndescenderat frontem nec utque autumni supremum sum dum gratissima.\r\n\r\n```\r\nif (drive_bus - memeRight) {\r\n    so.isp_dynamic_sdk.fileActivexEncoding(compilerImpressionClock);\r\n    plagiarismRecordStorage(mirror_boot, 1);\r\n} else {\r\n    web_bar_cycle.wi_macro = laser;\r\n    pretest_laser = animated_pci(wpaChipset(windowsBarClip), intellectual);\r\n}\r\nif (gigo + management_crossplatform - icannLdap) {\r\n    softwareMatrix = proxyGuidPetabyte;\r\n    stack_market_client(halftone, 2, drive);\r\n    printer_systray(1);\r\n} else {\r\n    requirements.animatedSystemMysql = sdk(abend + stack,\r\n            property.processor_cloud.function(maximize, phishingAgpGigahertz),\r\n            ups);\r\n}\r\nxsltRootkitHard = ethicsFirewireVolume.twitter_restore(moodle_user(ipodSoft, 4,\r\n        urlPcMedia) / reader_modem);\r\nif (friendly_string_compiler + midi) {\r\n    ddr_raw_memory.pppoePiconetPci = icon_page;\r\n} else {\r\n    avatar_sdsl_client += 5;\r\n    emoticon = camelcase_web_and;\r\n    edutainment_soft(internal_shift, web);\r\n}\r\nif (seoDegaussLifo > latencyDviGraphics + engineMaximize) {\r\n    room.os.richUltraCore(media, 3);\r\n}\r\n```\r\n\r\nSeries latebant, pignora nec, et erant clamat huius. Cruentat possit, principio;\r\nsi nil saevitiam Tyros, sentit deo incenduntque umerum. Buxoque cum pectora\r\nmatrem, fetum si, iram illam, te.","meta":{"revision":0,"created":1619808991389,"version":0},"$loki":7}],"idIndex":null,"binaryIndices":{},"constraints":null,"uniqueNames":[],"transforms":{},"objType":"paragraphs","dirty":true,"cachedIndex":null,"cachedBinaryIndex":null,"cachedData":null,"adaptiveBinaryIndices":true,"transactional":false,"cloneObjects":false,"cloneMethod":"parse-stringify","asyncListeners":false,"disableMeta":false,"disableChangesApi":true,"disableDeltaChangesApi":true,"autoupdate":false,"serializableIndices":true,"disableFreeze":true,"ttl":null,"maxId":7,"DynamicViews":[],"events":{"insert":[],"update":[],"pre-insert":[],"pre-update":[],"close":[],"flushbuffer":[],"error":[],"delete":[null],"warning":[null]},"changes":[],"dirtyIds":[]}],"databaseVersion":1.5,"engineVersion":1.5,"autosave":false,"autosaveInterval":5000,"autosaveHandle":null,"throttledSaves":true,"options":{"env":"BROWSER","persistenceMethod":"memory","serializationMethod":"normal","destructureDelimiter":"$<\n"},"persistenceMethod":"memory","persistenceAdapter":null,"verbose":false,"events":{"init":[null],"loaded":[],"flushChanges":[],"close":[],"changes":[],"warning":[]},"ENV":"BROWSER"}