{
  "filename": "WrapperDocsDb",
  "collections": [
    {
      "name": "topics",
      "data": [
        {
          "id": "01-introduction",
          "title": "Query Builder",
          "icon": "faChalkboardTeacher",
          "meta": {
            "revision": 0,
            "created": 1619703671897,
            "version": 0
          },
          "$loki": 1
        }
      ],
      "idIndex": null,
      "binaryIndices": {},
      "constraints": null,
      "uniqueNames": [],
      "transforms": {},
      "objType": "topics",
      "dirty": true,
      "cachedIndex": null,
      "cachedBinaryIndex": null,
      "cachedData": null,
      "adaptiveBinaryIndices": true,
      "transactional": false,
      "cloneObjects": false,
      "cloneMethod": "parse-stringify",
      "asyncListeners": false,
      "disableMeta": false,
      "disableChangesApi": true,
      "disableDeltaChangesApi": true,
      "autoupdate": false,
      "serializableIndices": true,
      "disableFreeze": true,
      "ttl": null,
      "maxId": 1,
      "DynamicViews": [],
      "events": {
        "insert": [],
        "update": [],
        "pre-insert": [],
        "pre-update": [],
        "close": [],
        "flushbuffer": [],
        "error": [],
        "delete": [
          null
        ],
        "warning": [
          null
        ]
      },
      "changes": [],
      "dirtyIds": []
    },
    {
      "name": "paragraphs",
      "data": [
        {
          "id": "a",
          "title": "a",
          "level": 1,
          "parent": "01-introduction",
          "body": "Guidey is an easy-to-use CLI application to build client-specific documents. Using markdown templates json configuration files it is able to produce documents using filters to have only the required information in the final file.",
          "meta": {
            "revision": 0,
            "created": 1619703671897,
            "version": 0
          },
          "$loki": 1
        },
        {
          "id": "sub_header",
          "title": "Sub Header",
          "level": 2,
          "parent": "01-introduction",
          "body": "The documentation covers all the necessary information about Guidey to set it up and use with the proper configuration.",
          "meta": {
            "revision": 0,
            "created": 1619703671897,
            "version": 0
          },
          "$loki": 2
        },
        {
          "id": "sub-sub_header",
          "title": "Sub-sub Header",
          "level": 3,
          "parent": "01-introduction",
          "body": "The tool currently is able to save the final document in the following formats:\r\n - markdown\r\n - pdf\r\n - docx\r\n - xlsx",
          "meta": {
            "revision": 0,
            "created": 1619703671897,
            "version": 0
          },
          "$loki": 3
        }
      ],
      "idIndex": null,
      "binaryIndices": {},
      "constraints": null,
      "uniqueNames": [],
      "transforms": {},
      "objType": "paragraphs",
      "dirty": true,
      "cachedIndex": null,
      "cachedBinaryIndex": null,
      "cachedData": null,
      "adaptiveBinaryIndices": true,
      "transactional": false,
      "cloneObjects": false,
      "cloneMethod": "parse-stringify",
      "asyncListeners": false,
      "disableMeta": false,
      "disableChangesApi": true,
      "disableDeltaChangesApi": true,
      "autoupdate": false,
      "serializableIndices": true,
      "disableFreeze": true,
      "ttl": null,
      "maxId": 3,
      "DynamicViews": [],
      "events": {
        "insert": [],
        "update": [],
        "pre-insert": [],
        "pre-update": [],
        "close": [],
        "flushbuffer": [],
        "error": [],
        "delete": [
          null
        ],
        "warning": [
          null
        ]
      },
      "changes": [],
      "dirtyIds": []
    }
  ],
  "databaseVersion": 1.5,
  "engineVersion": 1.5,
  "autosave": false,
  "autosaveInterval": 5000,
  "autosaveHandle": null,
  "throttledSaves": true,
  "options": {
    "env": "BROWSER",
    "persistenceMethod": "memory",
    "serializationMethod": "pretty",
    "destructureDelimiter": "$<\n"
  },
  "persistenceMethod": "memory",
  "persistenceAdapter": null,
  "verbose": false,
  "events": {
    "init": [
      null
    ],
    "loaded": [],
    "flushChanges": [],
    "close": [],
    "changes": [],
    "warning": []
  },
  "ENV": "BROWSER"
}